[
  { "id": 1,
    "test": "read_tomcat",
    "aggregated # reqs": 388,
    "aggregated req/s": 13.12,
    "request distribution": [
      {"name": "GET /editor/post?action=open", "98%": 17}
    ]
  },
  { "id": 2,
    "test": "write_tomcat",
    "aggregated # reqs": 386,
    "aggregated req/s": 13.05,
    "request distribution": [
      {"name": "POST /editor/post?action=save", "98%": 17}
    ]
  },
  { "id": 4,
    "test": "read_node",
    "aggregated # reqs": 388,
    "aggregated req/s": 13.07,
    "request distribution": [
      {"name": "GET /blog/cs144", "98%": 25}
    ]
  },
  { "id": 5,
    "test": "write_node",
    "aggregated # reqs": 401,
    "aggregated req/s": 13.52,
    "request distribution": [
      {"name": "POST /api/cs144", "98%": 120}
    ]
  }
]
